label,value,caseReference
state,Ongoing_v1,105701
Contributor_v7,Nam Ton That,105701
Location_v1,France,105701
Description_v1,Cloud Starter POC v0 + prerequisite,105701
state,Completed,105311
Contributor_v7,Mark Hudson,105311
Location_v1,United Kingdom,105311
Description_v1,Vercer (VCMG) energy trading,105311
state,Ongoing_v1,88001
Contributor_v7,Mark Hudson,88001
Location_v1,United Kingdom,88001
Description_v1,UBS trade surveillance,88001
state,Ongoing_v1,81911
Contributor_v7,Mark Hudson,81911
Location_v1,Turkey,81911
Description_v1,Kuveyt Turk Borsa Istanbul Nasdaq OMX integration,81911
state,Ongoing_v1,105301
Contributor_v7,Mark Hudson,105301
Location_v1,United Kingdom,105301
Description_v1,Mercedes AMG F1 Wind Tunnel Optimisation,105301
state,Ongoing_v1,105291
Contributor_v7,Mark Hudson,105291
Location_v1,Turkey,105291
Description_v1,Akbank execution algos,105291
state,Completed,76301
Contributor_v7,Jörg Grote,76301
Location_v1,Germany,76301
Description_v1,LiveApps getting Started Support and Product Positioning,76301
state,Ongoing_v1,105281
Contributor_v7,Jörg Grote,105281
Location_v1,Germany,105281
Description_v1,Workshop to discuss Software AG replacement with AMX BPM,105281
state,Ongoing_v1,105271
Contributor_v7,Jörg Grote,105271
Location_v1,Germany,105271
Description_v1,PSG support in actual AMX BPM Project activities,105271
state,Ongoing_v1,105251
Contributor_v7,Mark Hudson,105251
Location_v1,United Kingdom,105251
Description_v1,Credit Agricole NYC expansion and FIX,105251
state,Ongoing_v1,105071
Contributor_v7,Jeremy Smith,105071
Location_v1,United Kingdom,105071
Description_v1,Contribution to community by answering questions on ActiveMatrix BPM and Tibco Cloud,105071
state,Ongoing_v1,92461
Contributor_v7,Jörg Grote,92461
Location_v1,Germany,92461
Description_v1,TIBCO IoT Landscape Guideline,92461
state,Ongoing_v1,92491
Contributor_v7,Jörg Grote,92491
Location_v1,Germany,92491
Description_v1,extend Amazon Alexa Skill for AMX BPM,92491
state,Completed,105041
Contributor_v7,Jeremy Smith,105041
Location_v1,United Kingdom,105041
Description_v1,Assist Gary Shacklock @ NS&I with AMX:BPM REST Issue (JSESSION ID Cookie),105041
state,Completed,105031
Contributor_v7,Jeremy Smith,105031
Location_v1,United States of America,105031
Description_v1,Tibco BPM Update for MWD,105031
state,Completed,92471
Contributor_v7,Jörg Grote,92471
Location_v1,Germany,92471
Description_v1,Research on feasibility of TCI/Flogo Extensions,92471
state,Ongoing_v1,105021
Contributor_v7,Jörg Grote,105021
Location_v1,Germany,105021
Description_v1,prep. Webinar Cross-sell LiveApps Backend Integration,105021
state,Completed,92611
Contributor_v7,Jörg Grote,92611
Location_v1,Germany,92611
Description_v1,Usecases for Live Data Mart and Live View,92611
state,Completed,104871
Contributor_v7,Jeremy Smith,104871
Location_v1,United States of America,104871
Description_v1,Demo/webex of Tibco Intelligence Cloud for SIIA CODiE Awards,104871
state,Ongoing_v1,101971
Contributor_v7,Mark Hudson,101971
Location_v1,United Kingdom,101971
Description_v1,Training data import for JP Morgan,101971
state,Ongoing_v1,101841
Contributor_v7,Jeremy Smith,101841
Location_v1,Other,101841
Description_v1,Assisting with Case Management Framework positioning and suitability for National Australia Bank (NAB),101841
state,Ongoing_v1,92751
Contributor_v7,Mark Hudson,92751
Location_v1,United Kingdom,92751
Description_v1,Gain Capital / City Index StreamBase 10 Migration,92751
state,Ongoing_v1,92691
Contributor_v7,Florent Cenedese,92691
Location_v1,Other,92691
Description_v1,Nordea Bank - Grid ELA,92691
state,Ongoing_v1,92681
Contributor_v7,Florent Cenedese,92681
Location_v1,United Kingdom,92681
Description_v1,Lloyds Banking Group - Lloyds GRID Cloud Project,92681
state,Ongoing_v1,92671
Contributor_v7,Mark Hudson,92671
Location_v1,United Kingdom,92671
Description_v1,Update on StreamBase & LDM for Bloor,92671
state,Ongoing_v1,92661
Contributor_v7,Mark Hudson,92661
Location_v1,United Kingdom,92661
Description_v1,Algo trading scope expansion - NYC,92661
state,Ongoing_v1,92651
Contributor_v7,Manuel Carlos Rodriguez,92651
Description_v1,WI Extension for Google ,92651
state,Ongoing_v1,87551
Contributor_v7,Manuel Carlos Rodriguez,87551
Location_v1,Spain,87551
Description_v1,Real Time Credit Card Scoring,87551
state,Ongoing_v1,92641
Contributor_v7,Manuel Carlos Rodriguez,92641
Location_v1,Spain,92641
Description_v1,PaaS Dynamic Management,92641
state,Completed,92621
Contributor_v7,Manuel Carlos Rodriguez,92621
Location_v1,Spain,92621
Description_v1,Case management meeting for Prosegur,92621
state,Completed,92631
Contributor_v7,Manuel Carlos Rodriguez,92631
Location_v1,Spain,92631
Description_v1,Integration update meeting with Bankia Corporate Investment Baking,92631
state,Ongoing_v1,92601
Contributor_v7,Bruno Souleres,92601
Location_v1,Germany,92601
Description_v1,Support SC with creating a Spotfire dashboard for analyzing cryptocurrencies performance,92601
state,Ongoing_v1,92591
Contributor_v7,Bruno Souleres,92591
Location_v1,France,92591
Description_v1,Recognition of hand drawn diagram,92591
state,Completed,92581
Contributor_v7,Bruno Souleres,92581
Location_v1,Germany,92581
Description_v1,Supporting SC with parsing Bluecoat logs with LogLogic,92581
state,Ongoing_v1,92571
Contributor_v7,Bruno Souleres,92571
Location_v1,France,92571
Description_v1,Develop a Spotfire extension to import/export visualization,92571
state,Ongoing_v1,92561
Contributor_v7,Bruno Souleres,92561
Location_v1,France,92561
Description_v1,BW process monitoring,92561
state,Ongoing_v1,92551
Contributor_v7,Eric Carlier,92551
Location_v1,France,92551
Description_v1,Presentation to Total's IoT Architect : Insights + Flogo,92551
state,Ongoing_v1,92541
Contributor_v7,Eric Carlier,92541
Location_v1,France,92541
Description_v1,Prepare ML @ the Edge session at Big Data Paris Event,92541
state,Ongoing_v1,92531
Contributor_v7,Eric Carlier,92531
Location_v1,France,92531
Description_v1,Prepare ML @ the Edge session at Big Data Paris Event,92531
state,Ongoing_v1,92521
Contributor_v7,Eric Carlier,92521
Location_v1,France,92521
Description_v1,Geofencing Analytics Cloud App,92521
state,Ongoing_v1,92511
Contributor_v7,Eric Carlier,92511
Location_v1,France,92511
Description_v1,IoT Extreme Networks Hospitality Demo App,92511
state,Completed,77351
Contributor_v7,Jörg Grote,77351
Location_v1,Germany,77351
Description_v1,support SC & Partner BTC for their Opportunity IGS,77351
state,Completed,92481
Contributor_v7,Jörg Grote,92481
Location_v1,Netherland,92481
Description_v1,support Education with Q&A Request to sell TEN,92481
state,Completed,82031
Contributor_v7,Jörg Grote,82031
Location_v1,France,82031
Description_v1,EDF Demo preparation,82031
state,Ongoing_v1,92451
Contributor_v7,Nam Ton That,92451
Location_v1,France,92451
Description_v1,SpotFire LiveApps Market Place,92451
state,Ongoing_v1,92441
Contributor_v7,Nam Ton That,92441
Location_v1,France,92441
Description_v1,POC Cloud accelerator,92441
state,Ongoing_v1,92431
Contributor_v7,Nam Ton That,92431
Location_v1,France,92431
Description_v1,L Oreal POC,92431
state,Completed,92071
Contributor_v7,Jeremy Smith,92071
Location_v1,Netherland,92071
Description_v1,"Meetings with NN regarding Tibco cloud, Case Management Accelerator and SOD",92071
state,Completed,92061
Contributor_v7,Jeremy Smith,92061
Location_v1,Netherland,92061
Description_v1,"Meetings with ABN Amro regarding Tibco cloud, Case Management Accelerator and SOD",92061
state,Completed,90841
Contributor_v7,Jeremy Smith,90841
Location_v1,Other,90841
Description_v1,Potential use of case management accelerator at National Australia Bank (NAB) to replace iProcess Implementation + other projects,90841
state,Completed,90611
Contributor_v7,Jeremy Smith,90611
Location_v1,United Kingdom,90611
Description_v1,"Workshop with data science team (Ana) on ML, AI and Tibco Cloud",90611
state,Completed,90601
Contributor_v7,Jeremy Smith,90601
Location_v1,Other,90601
Description_v1,Introduce Ikea Architect to Tibco Cloud and Live Apps,90601
state,Ongoing_v1,90301
Contributor_v7,Nicolas Marzin,90301
Location_v1,United Kingdom,90301
Description_v1,Work with Ana on TIBCO Cloud & Data Science use cases,90301
state,Ongoing_v1,87561
Contributor_v7,Manuel Carlos Rodriguez,87561
Location_v1,Spain,87561
Description_v1,iPE and BW6 connectivity,87561
state,Completed,86581
Contributor_v7,Jeremy Smith,86581
Location_v1,United States of America,86581
Description_v1,Assist Rakesh Malhotra (SC India) in preparing for Iron Mountain POC/Demo + Malaysia Passport Office POC/Demo,86581
state,Completed,85961
Contributor_v7,Jörg Grote,85961
Location_v1,Germany,85961
Description_v1,Twilio API Connector for TCI Web Integrator,85961
state,Completed,85951
Contributor_v7,Jörg Grote,85951
Location_v1,Germany,85951
Description_v1,Demo Skill to demonstrate integration between TIBCO ActiveMatrix BPM and Amazon Alexa,85951
state,Completed,85931
Contributor_v7,Jeremy Smith,85931
Location_v1,Other,85931
Description_v1,Help Goeran Johansson (SC) prepare Tibco Cloud/Live Apps demo for partner conference,85931
state,Completed,85921
Contributor_v7,Jeremy Smith,85921
Location_v1,Other,85921
Description_v1,Help Goeran Johansson (SC) prepare Tibco Cloud/Live Apps demo for partner conference,85921
state,Completed,85901
Contributor_v7,Jeremy Smith,85901
Location_v1,United States of America,85901
Description_v1,"Helping to prep Tibco Cloud/Live apps demo for McKinsey & Company, Inc",85901
state,Completed,85441
Contributor_v7,Eric Carlier,85441
Location_v1,Belgium,85441
Description_v1,Support StreamBase and Accelerators presentation at IPCOS (Oil & Gas Specialist),85441
state,Completed,84001
Contributor_v7,Jeremy Smith,84001
Location_v1,United States of America,84001
Description_v1,Forrester DCM Live Apps demo + tibco cloud,84001
state,Completed,83991
Contributor_v7,Jeremy Smith,83991
Location_v1,United States of America,83991
Description_v1,Forrester DCM Live Apps demo + tibco cloud,83991
state,Ongoing_v1,83291
Contributor_v7,Bruno Souleres,83291
Location_v1,France,83291
Description_v1,Development of a Spotfire extension for Nam's Asset Marketplace,83291
state,Completed,83281
Contributor_v7,Bruno Souleres,83281
Location_v1,France,83281
Description_v1,Spotfire POC - Helped implementing ARIMA models to predict failures on mining trucks and do predictive maintenance.,83281
state,Ongoing_v1,77391
Contributor_v7,Florent Cenedese,77391
Location_v1,France,77391
Description_v1,Blockchain for HealthCare,77391
state,Ongoing_v1,82951
Contributor_v7,Florent Cenedese,82951
Location_v1,United Kingdom,82951
Description_v1,AWS And GridServer : FRTB : Phase 2 : Build a random Trades valuation generator to harness the system using MCMC simulation model,82951
state,Ongoing_v1,81921
Contributor_v7,Mark Hudson,81921
Location_v1,United Kingdom,81921
Description_v1,Videos for Fraud Investigation LiveApps Case Management,81921
state,Completed,82061
Contributor_v7,Jeremy Smith,82061
Location_v1,France,82061
Description_v1,Nimbus demo and overview for Manutan,82061
state,Ongoing_v1,82021
Contributor_v7,Mark Hudson,82021
Location_v1,Switzerland,82021
Description_v1,Julius Baer machine learning for trade surveillance,82021
state,Ongoing_v1,82041
Contributor_v7,Mark Hudson,82041
Location_v1,United Kingdom,82041
Description_v1,Domestic & General Intelligent Insurer,82041
state,Completed,82001
Contributor_v7,Jeremy Smith,82001
Location_v1,United Kingdom,82001
Description_v1,Delivery of AMX:BPM Connector for Tibco Cloud Integration to engineering,82001
state,Completed,81991
Contributor_v7,Nicolas Marzin,81991
Location_v1,France,81991
Description_v1,Live Apps opportunity for Product Returns,81991
state,Ongoing_v1,81981
Contributor_v7,Jeremy Smith,81981
Location_v1,United States of America,81981
Description_v1,Forrester Briefing on Live Apps for DCM Wave,81981
state,Ongoing_v1,81971
Contributor_v7,Jeremy Smith,81971
Location_v1,United Arab Emirates,81971
Description_v1,Assisting Bahwan (partner) with demo for Arab Bank Jordan,81971
state,Ongoing_v1,81961
Contributor_v7,Nicolas Marzin,81961
Location_v1,France,81961
Description_v1,iWRM 2018 with improved lpSolver,81961
state,Ongoing_v1,81951
Contributor_v7,Nicolas Marzin,81951
Location_v1,France,81951
Description_v1,Produce a NPS Demo for Lending based on Live apps,81951
state,Completed,76711
Contributor_v7,Nicolas Marzin,76711
Location_v1,France,76711
Description_v1,Feedbacks on TIBCO Cloud Live Apps to UX Team,76711
state,Completed,76291
Contributor_v7,Jörg Grote,76291
Location_v1,Germany,76291
Description_v1,TCI WI Extension Development,76291
state,Completed,76281
Contributor_v7,Jörg Grote,76281
Location_v1,Germany,76281
Description_v1,Flynn in a Lego Box,76281
state,Ongoing_v1,76681
Contributor_v7,Nicolas Marzin,76681
Location_v1,France,76681
Description_v1,L'Oreal Complex Case Management POC ,76681
state,Ongoing_v1,76671
Contributor_v7,Nicolas Marzin,76671
Location_v1,France,76671
Description_v1,AE/SC starter pack for Audit & Compliance with Nimbus,76671
state,Completed,76271
Contributor_v7,Jörg Grote,76271
Location_v1,Germany,76271
Description_v1,Partner Automation Info Day at 3 of their Customers ,76271
state,Completed,76231
Contributor_v7,Nicolas Marzin,76231
Location_v1,France,76231
Description_v1,Lie Apps opportunity for Manutan (Product Returns)à,76231
state,Completed,76221
Contributor_v7,Nicolas Marzin,76221
Location_v1,France,76221
Description_v1,CXP 2018 Market Analysis,76221
state,Completed,76211
Contributor_v7,Nicolas Marzin,76211
Location_v1,France,76211
Description_v1,Customer Tour with Roger King & Bruno Trimouille,76211
state,Completed,76201
Contributor_v7,Nicolas Marzin,76201
Location_v1,France,76201
Description_v1,Customer Tour with Roger King & Bruno Trimouille,76201
state,Completed,76191
Contributor_v7,Nicolas Marzin,76191
Location_v1,France,76191
Description_v1,Customer Tour with Roger King & Bruno Trimouille,76191
state,Completed,75011
Contributor_v7,Nicolas Marzin,75011
Location_v1,France,75011
Description_v1,Customer Tour with Roger King & Bruno Trimouille,75011
state,Draft,109691
ProductName,test,109691
state,Draft,75951
ProductName,Handbag,75951
state,TestsFailed_v1,1541
Fiberendpointid_v1,12345,1541
CustomerName_v1,Nicolas,1541
CustomerAddress_v1,Paris,1541
state,Submitted,47841
Name_v1,paul,47841
Reference_v1,123,47841
Type_v1,Wrong Product,47841
state,Submitted,36201
Name_v1,Nam,36201
Reference_v1,12,36201
Type_v1,Faulty Product,36201
state,Submitted,34341
Name_v1,James West,34341
Reference_v1,543,34341
Type_v1,Customer Service,34341
state,Submitted,34331
Name_v1,James West,34331
Reference_v1,554,34331
Type_v1,Customer Service,34331
state,Submitted,33931
Name_v1,Dave Smith,33931
Reference_v1,148,33931
Type_v1,Customer Service,33931
state,Submitted,34321
Name_v1,Dave Smith,34321
Reference_v1,148,34321
Type_v1,Customer Service,34321
state,Submitted,33921
Name_v1,Dave Smith,33921
Reference_v1,148,33921
Type_v1,Customer Service,33921
state,Submitted,34301
Name_v1,Dave Smith,34301
Reference_v1,148,34301
Type_v1,Customer Service,34301
state,Submitted,34291
Name_v1,Dave Smith,34291
Reference_v1,148,34291
Type_v1,Customer Service,34291
state,Submitted,33911
Name_v1,Dave Smith,33911
Reference_v1,148,33911
Type_v1,Customer Service,33911
state,Submitted,34281
Name_v1,Dave Smith,34281
Reference_v1,148,34281
Type_v1,Customer Service,34281
state,Submitted,34271
Name_v1,Dave Smith,34271
Reference_v1,148,34271
Type_v1,Customer Service,34271
state,Submitted,34221
Name_v1,Fred,34221
Reference_v1,1236828,34221
Type_v1,Customer Service,34221
state,Submitted,33731
Name_v1,nico,33731
Reference_v1,7377373,33731
Type_v1,Customer Service,33731
state,Submitted,33001
Name_v1,Jane Rose,33001
Reference_v1,876,33001
Type_v1,Customer Service,33001
state,Submitted,33671
Name_v1,Dave Smith,33671
Reference_v1,148,33671
Type_v1,Customer Service,33671
state,Submitted,33661
Name_v1,Dave Smith,33661
Reference_v1,148,33661
Type_v1,Customer Service,33661
state,Submitted,32981
Name_v1,Dave Smith,32981
Reference_v1,148,32981
Type_v1,Customer Service,32981
state,Submitted,31961
Name_v1,Dave Smith,31961
Reference_v1,789,31961
Type_v1,Customer Service,31961
state,Submitted,31951
Name_v1,Dave Smith,31951
Reference_v1,789,31951
Type_v1,Other,31951
state,Submitted,31941
Name_v1,Dave Smith,31941
Reference_v1,148,31941
Type_v1,Customer Service,31941
state,Submitted,31931
Name_v1,Dave Smith,31931
Reference_v1,148,31931
Type_v1,Customer Service,31931
state,Submitted,31921
Name_v1,James West,31921
Reference_v1,12,31921
Type_v1,Faulty Product,31921
state,Submitted,31911
Name_v1,James West,31911
Reference_v1,12,31911
Type_v1,Customer Service,31911
state,Submitted,32501
Name_v1,James West,32501
Reference_v1,12,32501
Type_v1,Other,32501
state,Submitted,32481
Name_v1,James Smith,32481
Reference_v1,876,32481
Type_v1,Customer Service,32481
state,Submitted,32471
Name_v1,Dave Smith,32471
Reference_v1,148,32471
Type_v1,Customer Service,32471
state,Submitted,32461
Name_v1,Johnny Vegas,32461
Reference_v1,777,32461
Type_v1,Customer Service,32461
state,Submitted,31901
Name_v1,test,31901
Reference_v1,555,31901
Type_v1,Customer Service,31901
state,Submitted,31891
Name_v1,Dave Smith,31891
Reference_v1,148,31891
Type_v1,Customer Service,31891
state,Submitted,32451
Name_v1,Dave Smith,32451
Reference_v1,148,32451
Type_v1,Customer Service,32451
state,Submitted,32441
Name_v1,Dave Smith,32441
Reference_v1,148,32441
Type_v1,Customer Service,32441
state,Submitted,31881
Name_v1,Dave Smith,31881
Reference_v1,148,31881
Type_v1,Customer Service,31881
state,Submitted,32431
Name_v1,Dave Smith,32431
Reference_v1,148,32431
Type_v1,Customer Service,32431
state,Submitted,32421
Name_v1,Dave Smith,32421
Reference_v1,148,32421
Type_v1,Customer Service,32421
state,Submitted,32411
Name_v1,Dave Smith,32411
Reference_v1,148,32411
Type_v1,Customer Service,32411
state,Submitted,32401
Name_v1,Freddie Mercury,32401
Reference_v1,1888,32401
Type_v1,Customer Service,32401
state,Submitted,32391
Name_v1,Dave Smith,32391
Reference_v1,148,32391
Type_v1,Customer Service,32391
state,Submitted,32381
Name_v1,John Roberts,32381
Reference_v1,12333,32381
Type_v1,Customer Service,32381
state,Submitted,32371
Name_v1,Jez Smith,32371
Reference_v1,12333,32371
Type_v1,Customer Service,32371
state,Submitted,31851
Name_v1,Dave Smith,31851
Reference_v1,148,31851
Type_v1,Customer Service,31851
state,Submitted,31841
Name_v1,Jeremy Smith,31841
Reference_v1,0,31841
Type_v1,Customer Service,31841
state,Submitted,31831
Name_v1,Dave Smith,31831
Reference_v1,148,31831
Type_v1,Customer Service,31831
state,Submitted,32361
Name_v1,Dave Smith,32361
Reference_v1,148,32361
Type_v1,Customer Service,32361
state,Submitted,31821
Name_v1,Dave Smith,31821
Reference_v1,147,31821
Type_v1,Customer Service,31821
state,Submitted,31811
Name_v1,Dave Smith,31811
Reference_v1,147,31811
Type_v1,Customer Service,31811
state,Submitted,31801
Name_v1,Dave Smith,31801
Reference_v1,145,31801
Type_v1,Customer Service,31801
state,Submitted,32341
Name_v1,Dave Smith,32341
Reference_v1,145,32341
Type_v1,Customer Service,32341
state,Submitted,32331
Name_v1,David Rose,32331
Reference_v1,144,32331
Type_v1,Customer Service,32331
state,Submitted,31791
Name_v1,David Rose,31791
Reference_v1,569,31791
Type_v1,Customer Service,31791
state,Submitted,32321
Name_v1,David Rose,32321
Reference_v1,569,32321
Type_v1,Customer Service,32321
state,Submitted,32311
Name_v1,David Rose,32311
Reference_v1,569,32311
Type_v1,Customer Service,32311
state,Submitted,32301
Name_v1,David Rose,32301
Reference_v1,569,32301
Type_v1,Customer Service,32301
state,Submitted,32291
Name_v1,David Rose,32291
Reference_v1,569,32291
Type_v1,Customer Service,32291
state,Submitted,32281
Name_v1,David Rose,32281
Reference_v1,569,32281
Type_v1,Customer Service,32281
state,Submitted,31781
Name_v1,David Rose,31781
Reference_v1,569,31781
Type_v1,Customer Service,31781
state,Submitted,31771
Name_v1,David Rose,31771
Reference_v1,569,31771
Type_v1,Customer Service,31771
state,Submitted,32251
Name_v1,David Rose,32251
Reference_v1,569,32251
Type_v1,Customer Service,32251
state,Submitted,32241
Name_v1,David Rose,32241
Reference_v1,569,32241
Type_v1,Customer Service,32241
state,Submitted,32231
Name_v1,David Rose,32231
Reference_v1,567,32231
Type_v1,Customer Service,32231
state,Submitted,32221
Name_v1,David Rose,32221
Reference_v1,567,32221
Type_v1,Customer Service,32221
state,Submitted,31761
Name_v1,David Rose,31761
Reference_v1,567,31761
Type_v1,Customer Service,31761
state,Submitted,32211
Name_v1,David Rose,32211
Reference_v1,567,32211
Type_v1,Customer Service,32211
state,Submitted,32201
Name_v1,David Rose,32201
Reference_v1,567,32201
Type_v1,Customer Service,32201
state,Submitted,31751
Name_v1,David Rose,31751
Reference_v1,567,31751
Type_v1,Customer Service,31751
state,Submitted,32191
Name_v1,David Rose,32191
Reference_v1,567,32191
Type_v1,Customer Service,32191
state,Submitted,32171
Name_v1,Johnny,32171
Reference_v1,777,32171
Type_v1,Customer Service,32171
state,Submitted,31741
Name_v1,Johnny,31741
Reference_v1,777,31741
Type_v1,Customer Service,31741
state,Submitted,32161
Name_v1,Johnny,32161
Reference_v1,777,32161
Type_v1,Customer Service,32161
state,Submitted,32141
Name_v1,Johnny,32141
Reference_v1,777,32141
Type_v1,Customer Service,32141
state,Submitted,31731
Name_v1,Johnny,31731
Reference_v1,777,31731
Type_v1,Customer Service,31731
state,Submitted,32131
Name_v1,Johnny,32131
Reference_v1,777,32131
Type_v1,Customer Service,32131
state,Submitted,32121
Name_v1,Dave,32121
Reference_v1,999,32121
Type_v1,Customer Service,32121
state,Submitted,31671
Name_v1,john smith,31671
Reference_v1,12345,31671
Type_v1,Customer Service,31671
state,Submitted,32081
Name_v1,john smith,32081
Reference_v1,12345,32081
Type_v1,Customer Service,32081
state,BeingInvestigated,11811
Name_v1,John Smith,11811
Reference_v1,12345,11811
Type_v1,Billing,11811
state,Submitted,22221
Name_v1,david smith,22221
Reference_v1,73847,22221
Type_v1,Billing,22221
state,Submitted,21731
Name_v1,james west,21731
Reference_v1,8888,21731
Type_v1,Customer Service,21731
state,Submitted,22061
Name_v1,john smith,22061
Reference_v1,2344,22061
Type_v1,Billing,22061
state,Submitted,11841
Name_v1,John Smith,11841
Reference_v1,12345,11841
Type_v1,Billing,11841
state,BeingInvestigated,10881
Name_v1,Ambroise,10881
Reference_v1,123456,10881
Type_v1,Faulty Product,10881
state,BeingInvestigated,10401
Name_v1,Nam,10401
Reference_v1,1234,10401
Type_v1,Faulty Product,10401
state,Submitted,10261
Name_v1,John Smith,10261
Reference_v1,12,10261
Type_v1,Billing,10261
state,BeingInvestigated,9771
Name_v1,Nicolas Marzin,9771
Reference_v1,8888,9771
Type_v1,Faulty Product,9771
state,Submitted,5691
Name_v1,John Smith,5691
Reference_v1,1236828,5691
Type_v1,Billing,5691
state,Activated_v1,8991
MeterType_v1,Energy,8991
MeterSerialNumber_v1,895623119,8991
state,Pending_v1,101461
Tags_v1,"James West @Eagle Cl, Swindon SN3 5DT, UK",101461
state,Pending_v1,101441
Tags_v1,"John Smith @Church Row, Poole Keynes, Cirencester GL7 6EG, UK",101441
state,Pending_v1,101431
Tags_v1,"John Smith @Church Row, Poole Keynes, Cirencester GL7 6EG, UK",101431
state,Pending_v1,101421
Tags_v1,string string @string,101421
state,Validated_v1,101241
Tags_v1,"John Smith @6 West Road Lane, Virginia, USA",101241
AccountId_v1,12345,101241
state,Closed_v1,101131
Tags_v1,Nicolas Marzin @asdasdasds,101131
AccountId_v1,27236232,101131
state,Validated_v1,67391
Tags_v1,"sadasd sadasdas @US-6, Eagle, CO 81631, USA",67391
AccountId_v1,67766767,67391
state,Pending_v1,67361
Tags_v1,"asdasd asdasd @US-6, Eagle, CO 81631, USA",67361
state,Pending_v1,48391
Tags_v1,string string @string,48391
state,Pending_v1,47941
Tags_v1,"sadas asdas @6 Eagle Dr, Emerson, NJ 07630, USA",47941
state,Pending_v1,47931
Tags_v1,string string @string,47931
state,Validated_v1,47771
Tags_v1,"Jeremy Smith @6 Egg Ct, Dublin, OH 43017, USA",47771
AccountId_v1,55555,47771
state,Validated_v1,48141
Tags_v1,"John Smith @6 Eagle Dr, Shelton, CT 06484, USA",48141
AccountId_v1,22222,48141
state,Pending_v1,47761
Tags_v1,string string @string,47761
state,Pending_v1,47741
Tags_v1,string string @string,47741
state,Validated_v1,47731
Tags_v1,string string @string,47731
AccountId_v1,77777,47731
state,Validated_v1,47721
Tags_v1,string string @string,47721
AccountId_v1,22323232,47721
state,Onboarded_v1,27051
CustomerFirstname_v1,Manuel Carlos,27051
CustomerLastname_v1,Rodriguez Alvarez Querol,27051
state,Onboarded_v1,27041
CustomerFirstname_v1,Jeremy,27041
CustomerLastname_v1,Smith,27041
state,Onboarded_v1,27031
CustomerFirstname_v1,Nam,27031
CustomerLastname_v1,Ton That,27031
state,DocumentsUpload_v1,48281
CustomerFirstname_v1,Achile,48281
CustomerName_v1,Talon,48281
CustomerId_v1,AT123,48281
state,DocumentsUpload_v1,27631
CustomerFirstname_v1,Jeremy,27631
CustomerName_v1,Smith,27631
CustomerId_v1,1,27631
state,DocumentsUpload_v1,29211
CustomerFirstname_v1,Manuel Carlos,29211
CustomerName_v1,Rodriguez,29211
CustomerId_v1,3,29211
state,Onboarded_v1,28081
CustomerFirstname_v1,Nam,28081
CustomerName_v1,Ton That,28081
CustomerId_v1,2,28081
state,Created_v1,110211
CaseTag_v3,20180402/001 Ricky Russell,110211
CaseInitiation_v7,Engine WIN-ML5S6H8ICI7 02Apr2018 11:48,110211
CaseSummary_1_v4,Prob 99.00% vs 70.00% & Oddity 17.1 vs 15.0 02Apr2018 11:48,110211
state,Created_v1,107801
CaseTag_v3,20180321/001 Randy Collins,107801
CaseInitiation_v7,Engine SPOTFIREDEMO 21Mar2018 13:48,107801
CaseSummary_1_v4,Prob 99.00% vs 70.00% & Oddity 17.1 vs 15.0 21Mar2018 13:48,107801
state,Created_v1,107031
CaseTag_v3,20180319/001 Willie Hernandez,107031
CaseInitiation_v7,Engine WIN-ML5S6H8ICI7 19Mar2018 11:25,107031
CaseSummary_1_v4,Prob 99.00% vs 70.00% & Oddity 17.1 vs 15.0 19Mar2018 11:25,107031
state,Created_v1,105371
CaseTag_v3,20180314/004 Esther Mcdonald,105371
CaseInitiation_v7,Engine SPOTFIREDEMO 14Mar2018 14:16,105371
CaseSummary_1_v4,Prob 100.00% vs 70.00% & Oddity 12.8 vs 15.0 14Mar2018 14:16,105371
state,Created_v1,105361
CaseTag_v3,20180314/003 Robert Green,105361
CaseInitiation_v7,Engine SPOTFIREDEMO 14Mar2018 14:16,105361
CaseSummary_1_v4,Prob 91.00% vs 70.00% & Oddity 6.5 vs 15.0 14Mar2018 14:16,105361
state,Created_v1,105351
CaseTag_v3,20180314/002 David Castillo,105351
CaseInitiation_v7,Engine SPOTFIREDEMO 14Mar2018 14:16,105351
CaseSummary_1_v4,Prob 99.00% vs 70.00% & Oddity 3.9 vs 15.0 14Mar2018 14:16,105351
state,Created_v1,105341
CaseTag_v3,20180314/001 Robert Green,105341
CaseInitiation_v7,Engine SPOTFIREDEMO 14Mar2018 14:16,105341
CaseSummary_1_v4,Prob 99.00% vs 70.00% & Oddity 17.1 vs 15.0 14Mar2018 14:16,105341
state,Created_v1,103181
CaseTag_v3,20180307/001 Ricky Russell,103181
CaseInitiation_v7,Engine SPOTFIREDEMO 07Mar2018 16:12,103181
CaseSummary_1_v4,Prob 99.00% vs 70.00% & Oddity 17.1 vs 15.0 07Mar2018 16:12,103181
state,Created_v1,102551
CaseTag_v3,20180228/001 Jose Ross,102551
CaseInitiation_v7,Engine SPOTFIREDEMO 28Feb2018 20:38,102551
CaseSummary_1_v4,Prob 99.00% vs 70.00% & Oddity 17.1 vs 15.0 28Feb2018 20:38,102551
state,Investigating_v1,102481
CaseTag_v3,20180228/004 Denise Pierce,102481
CaseInitiation_v7,Engine SPOTFIREDEMO 28Feb2018 17:19,102481
CaseSummary_1_v4,Prob 100.00% vs 70.00% & Oddity 12.8 vs 15.0 28Feb2018 17:19,102481
state,Created_v1,102501
CaseTag_v3,20180228/006 Judy Reed,102501
CaseInitiation_v7,Engine SPOTFIREDEMO 28Feb2018 17:19,102501
CaseSummary_1_v4,Prob 98.00% vs 70.00% & Oddity 13.9 vs 15.0 28Feb2018 17:19,102501
state,Created_v1,102491
CaseTag_v3,20180228/005 Esther Mcdonald,102491
CaseInitiation_v7,Engine SPOTFIREDEMO 28Feb2018 17:19,102491
CaseSummary_1_v4,Prob 99.00% vs 70.00% & Oddity 6.8 vs 15.0 28Feb2018 17:19,102491
state,Created_v1,102471
CaseTag_v3,20180228/003 Denise Pierce,102471
CaseInitiation_v7,Engine SPOTFIREDEMO 28Feb2018 17:18,102471
CaseSummary_1_v4,Prob 91.00% vs 70.00% & Oddity 6.5 vs 15.0 28Feb2018 17:18,102471
state,Created_v1,102461
CaseTag_v3,20180228/002 Esther Mcdonald,102461
CaseInitiation_v7,Engine SPOTFIREDEMO 28Feb2018 17:18,102461
CaseSummary_1_v4,Prob 99.00% vs 70.00% & Oddity 3.9 vs 15.0 28Feb2018 17:18,102461
state,Created_v1,102451
CaseTag_v3,20180228/001 Judy Reed,102451
CaseInitiation_v7,Engine SPOTFIREDEMO 28Feb2018 17:18,102451
CaseSummary_1_v4,Prob 99.00% vs 70.00% & Oddity 17.1 vs 15.0 28Feb2018 17:18,102451
state,Created_v1,102441
CaseTag_v3,20180228/001 Ricky Russell,102441
CaseInitiation_v7,Engine SPOTFIREDEMO 28Feb2018 17:13,102441
CaseSummary_1_v4,Prob 99.00% vs 70.00% & Oddity 17.1 vs 15.0 28Feb2018 17:13,102441
state,ReferredRegulator_v1,102211
CaseTag_v3,20180226/001 Esther Mcdonald,102211
CaseInitiation_v7,Engine SPOTFIREDEMO 26Feb2018 13:16,102211
CaseSummary_1_v4,Prob 99.00% vs 70.00% & Oddity 17.1 vs 15.0 26Feb2018 13:16,102211
state,ReferredUp_v1,102331
CaseTag_v3,20180227/001 Robert Green,102331
CaseInitiation_v7,Engine SPOTFIREDEMO 27Feb2018 13:28,102331
CaseSummary_1_v4,Prob 99.00% vs 70.00% & Oddity 17.1 vs 15.0 27Feb2018 13:28,102331
state,NoFraud_v1,102251
CaseTag_v3,20180226/001 Denise Pierce,102251
CaseInitiation_v7,Engine SPOTFIREDEMO 26Feb2018 19:15,102251
CaseSummary_1_v4,Prob 99.00% vs 70.00% & Oddity 17.1 vs 15.0 26Feb2018 19:15,102251
state,Investigating_v1,92161
CaseTag_v3,20180105/002 Jacob Marteens,92161
CaseInitiation_v7,Engine WIN-ML5S6H8ICI7 5Feb18 14:27,92161
CaseSummary_1_v4,Prob 72.41% vs 70.00% & Oddity 19.0 vs 15.0,92161
state,WasFraud_v1,81081
CaseTag_v3,20180102/003 Robert Green,81081
CaseInitiation_v7,Engine SPOTFIREDEMO 02Jan2018 14:53,81081
CaseSummary_1_v4,Prob 91.00% vs 70.00% & Oddity 6.5 vs 15.0 02Jan2018 14:53,81081
state,WasFraud_v1,81071
CaseTag_v3,20180102/002 Jose Ross,81071
CaseInitiation_v7,Engine SPOTFIREDEMO 02Jan2018 14:53,81071
CaseSummary_1_v4,Prob 99.00% vs 70.00% & Oddity 3.9 vs 15.0 02Jan2018 14:53,81071
state,WasFraud_v1,81061
CaseTag_v3,20180102/001 Randy Collins,81061
CaseInitiation_v7,Engine SPOTFIREDEMO 02Jan2018 14:53,81061
CaseSummary_1_v4,Prob 99.00% vs 70.00% & Oddity 17.1 vs 15.0 02Jan2018 14:53,81061
state,Inconclusive_v1,81111
CaseTag_v3,20180102/006 Denise Pierce,81111
CaseInitiation_v7,Engine SPOTFIREDEMO 02Jan2018 14:54,81111
CaseSummary_1_v4,Prob 98.00% vs 70.00% & Oddity 13.9 vs 15.0 02Jan2018 14:54,81111
state,NoFraud_v1,81101
CaseTag_v3,20180102/005 Robert Green,81101
CaseInitiation_v7,Engine SPOTFIREDEMO 02Jan2018 14:53,81101
CaseSummary_1_v4,Prob 99.00% vs 70.00% & Oddity 6.8 vs 15.0 02Jan2018 14:53,81101
state,WasFraud_v1,81091
CaseTag_v3,20180102/004 Judy Reed,81091
CaseInitiation_v7,Engine SPOTFIREDEMO 02Jan2018 14:53,81091
CaseSummary_1_v4,Prob 100.00% vs 70.00% & Oddity 12.8 vs 15.0 02Jan2018 14:53,81091
state,Customers_v1,52251
CampaignName_v1,Single customer target,52251
CustomerName_v1,BNP,52251
state,ManualChannel_v22,65271
InvestigationID_v1,111,65271
state,Archive,73471
AssetID_v1,2017-12-06T12:28:03+00:00_948,73471
Resume_v8,Script - monAsset,73471
state,Review,71291
AssetID_v1,2017-11-28T19:15:46+00:00_3876,71291
Resume_v8,Theme - Dark Blue paperscreen (Dark),71291
state,Archive,73251
AssetID_v1,2017-12-05T17:41:20+00:00_4614,73251
Resume_v8,Script - BLA,73251
state,Provision,71261
AssetID_v1,2017-11-28T17:47:03+00:00_9390,71261
Resume_v8,Visualization - VisTimeline,71261
Product_v14,Spotfire,71261
state,Review,70501
AssetID_v1,2017-11-27T16:36:52+00:00_7535,70501
Resume_v8,Template - Simple Page layout Template 1,70501
Product_v14,Spotfire,70501
state,Review,71341
AssetID_v1,2017-11-28T19:18:49+00:00_5200,71341
Resume_v8,Theme - Gray CFO,71341
Product_v14,Spotfire,71341
state,Provision,71361
AssetID_v1,2017-11-28T20:21:47+00:00_4614,71361
Resume_v8,Visualization - Graph CytoScape,71361
Product_v14,Spotfire,71361
state,Provision,71331
AssetID_v1,2017-11-28T19:18:14+00:00_9903,71331
Resume_v8,Theme - Light blue tiles,71331
Product_v14,Spotfire,71331
state,Provision,71171
AssetID_v1,2017-11-28T17:13:27+00:00_4574,71171
Resume_v8,Template - Sample Application with navigation,71171
Product_v14,Spotfire,71171
state,Provision,71311
AssetID_v1,2017-11-28T19:17:08+00:00_2462,71311
Resume_v8,Theme - Gray paperscreen Theme,71311
Product_v14,Spotfire,71311
state,Review,71301
AssetID_v1,2017-11-28T19:16:25+00:00_2908,71301
Resume_v8,Theme - Dark Blue paperscreen (Light),71301
Product_v14,Spotfire,71301
state,Review,71321
AssetID_v1,2017-11-28T19:17:42+00:00_2138,71321
Resume_v8,Theme - Gray and gold tile,71321
state,Review,71131
AssetID_v1,2017-11-28T15:54:19+00:00_1499,71131
Resume_v8,other - TERR Packages Explorer,71131
state,Review,69471
AssetID_v1,2017-11-24T13:04:58+00:00_3124,69471
Resume_v8,bpm - Test1,69471
state,Data entry,68081
OpportunityName_v1,Biffa BPM,68081
Customer_v1,Biffa,68081
state,Go-NoGo,67981
OpportunityName_v1,Manutan,67981
Customer_v1,Manutan,67981
SalesforceId_v1,https://tibco.my.salesforce.com/0061a00000LXo5w?srPos=0&srKp=006,67981
state,Go-NoGo,64231
OpportunityName_v1,Auchan - Articles & Supplier Lifecycle,64231
Customer_v1,Auchan,64231
SalesforceId_v1,https://tibco.my.salesforce.com/0061a00000MFN2A,64231
state,Go-NoGo,64801
OpportunityName_v1,L'Oreal - Case mgt for creation of product codes,64801
Customer_v1,L'Oreal,64801
SalesforceId_v1,https://tibco.my.salesforce.com/0061a00000LXdpK,64801
state,Go-NoGo,64791
OpportunityName_v1,Zimmer Biomet - Tibco Live Apps,64791
Customer_v1,Zimmer Biomet,64791
SalesforceId_v1,https://tibco.my.salesforce.com/0061a00000LZ8cr,64791
state,Doesnotexist_v7,69431
SupplierId_v1,AUCHAN,69431
BuyerCode_v1,BUYER1,69431
ArticleId_v1,Article in english,69431
state,CardEntry_v1,69421
SupplierId_v1,AUCHAN,69421
BuyerCode_v1,TEST,69421
ArticleId_v1,Article in english,69421
state,Recommendation_v1,88921
NPSID_v2,NPS-LEND-000017,88921
Customer_v1,Nelson,88921
Country_v1,Canada,88921
state,Created,88861
NPSID_v2,NPS-LEND-000016,88861
Customer_v1,Nicolas,88861
Country_v1,France,88861
state,Recommendation_v1,82281
NPSID_v2,NPS-LEND-000015,82281
Customer_v1,Gandon,82281
Country_v1,France,82281
state,ReviewFeedback_v1,81741
NPSID_v2,NPS-LEND-000014,81741
Customer_v1,Yasir Small,81741
Country_v1,United States,81741
state,ReviewFeedback_v1,81731
NPSID_v2,NPS-LEND-000013,81731
Customer_v1,Yasir Small,81731
Country_v1,United States,81731
state,ReviewFeedback_v1,81711
NPSID_v2,NPS-LEND-000012,81711
Customer_v1,Yuli Steele,81711
Country_v1,Germany,81711
state,ReviewFeedback_v1,81701
NPSID_v2,NPS-LEND-000011,81701
Customer_v1,Yuli Steele,81701
Country_v1,Germany,81701
state,ReviewFeedback_v1,81691
NPSID_v2,NPS-LEND-000010,81691
Customer_v1,Yuli Steele,81691
Country_v1,Germany,81691
state,ReviewFeedback_v1,81681
NPSID_v2,NPS-LEND-000009,81681
Customer_v1,Nicolas Roche,81681
Country_v1,France,81681
state,ReviewFeedback_v1,81671
NPSID_v2,NPS-LEND-000008,81671
Customer_v1,Enrico Fumagalli,81671
Country_v1,Italy,81671
state,ReviewFeedback_v1,81521
NPSID_v2,NPS-LEND-000007,81521
Customer_v1,Nicolas Roche,81521
Country_v1,France,81521
state,ReviewFeedback_v1,81501
NPSID_v2,NPS-LEND-000006,81501
Customer_v1,Vaughan Pate,81501
Country_v1,Canada,81501
state,ReviewFeedback_v1,81491
NPSID_v2,NPS-LEND-000005,81491
Customer_v1,Bevis Cox,81491
Country_v1,Canada,81491
state,ReviewFeedback_v1,81481
NPSID_v2,NPS-LEND-000004,81481
Customer_v1,Bevis Cox,81481
Country_v1,Canada,81481
state,ReviewFeedback_v1,81471
NPSID_v2,NPS-LEND-000003,81471
Customer_v1,Nicolas Roche,81471
Country_v1,France,81471
state,ReviewFeedback_v1,81461
NPSID_v2,NPS-LEND-000002,81461
Customer_v1,Vaughan Pate,81461
Country_v1,Canada,81461
state,ReviewFeedback_v1,81451
NPSID_v2,NPS-LEND-000001,81451
Customer_v1,Vaughan Pate,81451
Country_v1,Canada,81451
state,Completed,81441
Customer_v1,Nicolas Roche,81441
state,Completed,81431
Customer_v1,Nicolas Roche,81431
state,Completed,81421
Customer_v1,Nicolas Roche,81421
state,Created_v1,101491
Name_v1,NamOs,101491
Surname_v1,Hack3rr,101491
state,Created_v1,91631
Name_v1,First,91631
Surname_v1,Last,91631
state,Collectedocuments_v1,103261
Nomduclient_v1,TIBCO,103261
Age_v1,309,103261
Date_1_v1,2018-03-06,103261
state,Created_v1,110341
CaseTag_v1,Alert for Carolyn Paul,110341
CaseInitiation_v1,Initiated from analytics review,110341
CaseSummary_1_v1,Carolyn Paul oddity: 50.30,110341
state,ReferredUp_v1,109831
CaseTag_v1,Alert for Orli Bowman,109831
CaseInitiation_v1,Initiated from analytics review,109831
CaseSummary_1_v1,Orli Bowman oddity: 51.29,109831
state,ReferredUp_v1,109821
CaseTag_v1,Alert for Solomon Hanson,109821
CaseInitiation_v1,Initiated from analytics review,109821
CaseSummary_1_v1,Solomon Hanson oddity: 48.04,109821
state,ReferredUp_v1,109791
CaseTag_v1,Alert for Carolyn Paul,109791
CaseInitiation_v1,Initiated from analytics review,109791
CaseSummary_1_v1,Carolyn Paul oddity: 50.30,109791
state,Created_v1,109781
CaseTag_v1,Alert for Wesley Roberts,109781
CaseInitiation_v1,Initiated from analytics review,109781
CaseSummary_1_v1,Wesley Roberts oddity: 51.47,109781
state,ReferredUp_v1,105711
CaseTag_v1,Alert for Brynn Collier,105711
CaseInitiation_v1,Initiated from analytics review,105711
CaseSummary_1_v1,Brynn Collier oddity: 46.73,105711
state,ReferredUp_v1,105771
CaseTag_v1,Alert for Shana Tanner,105771
CaseInitiation_v1,Initiated from analytics review,105771
CaseSummary_1_v1,Shana Tanner oddity: 46.50,105771
state,Created_v1,109351
CaseTag_v1,Alert for Keelie Lamb,109351
CaseInitiation_v1,Initiated from analytics review,109351
CaseSummary_1_v1,Keelie Lamb oddity: 51.43,109351
state,Created_v1,109301
CaseTag_v1,Alert for Carolyn Paul,109301
CaseInitiation_v1,Initiated from analytics review,109301
CaseSummary_1_v1,Carolyn Paul oddity: 50.30,109301
state,Created_v1,109221
CaseTag_v1,Alert for Carolyn Paul,109221
CaseInitiation_v1,Initiated from analytics review,109221
CaseSummary_1_v1,Carolyn Paul oddity: 50.30,109221
state,Created_v1,109181
CaseTag_v1,Alert for Kibo Zimmerman,109181
CaseInitiation_v1,Initiated from analytics review,109181
CaseSummary_1_v1,Kibo Zimmerman oddity: 50.08,109181
state,Created_v1,108831
CaseTag_v1,Alert for Kibo Zimmerman,108831
CaseInitiation_v1,Initiated from analytics review,108831
CaseSummary_1_v1,Kibo Zimmerman oddity: 50.08,108831
state,Created_v1,108621
CaseTag_v1,Alert for Kibo Zimmerman,108621
CaseInitiation_v1,Initiated from analytics review,108621
CaseSummary_1_v1,Kibo Zimmerman oddity: 50.08,108621
state,Created_v1,108611
CaseTag_v1,Alert for Kibo Zimmerman,108611
CaseInitiation_v1,Initiated from analytics review,108611
CaseSummary_1_v1,Kibo Zimmerman oddity: 50.08,108611
state,Created_v1,108591
CaseTag_v1,Alert for Theodore Ferrell,108591
CaseInitiation_v1,Initiated from analytics review,108591
CaseSummary_1_v1,Theodore Ferrell oddity: 46.78,108591
state,Created_v1,108531
CaseTag_v1,Alert for Kibo Zimmerman,108531
CaseInitiation_v1,Initiated from analytics review,108531
CaseSummary_1_v1,"Kibo Zimmerman oddity: 50,08",108531
state,Created_v1,108511
CaseTag_v1,Alert for Solomon Hanson,108511
CaseInitiation_v1,Initiated from analytics review,108511
CaseSummary_1_v1,"Solomon Hanson oddity: 48,04",108511
state,Created_v1,108441
CaseTag_v1,Alert for Orli Bowman,108441
CaseInitiation_v1,Initiated from analytics review,108441
CaseSummary_1_v1,Orli Bowman oddity: 51.29,108441
state,Created_v1,108431
CaseTag_v1,Alert for Orli Bowman,108431
CaseInitiation_v1,Initiated from analytics review,108431
CaseSummary_1_v1,Orli Bowman oddity: 51.29,108431
state,Created_v1,108421
CaseTag_v1,Alert for Orli Bowman,108421
CaseInitiation_v1,Initiated from analytics review,108421
CaseSummary_1_v1,Orli Bowman oddity: 51.29,108421
state,Created_v1,108411
CaseTag_v1,Alert for Orli Bowman,108411
CaseInitiation_v1,Initiated from analytics review,108411
CaseSummary_1_v1,Orli Bowman oddity: 51.29,108411
state,Created_v1,108401
CaseTag_v1,Alert for Kristen Wiley,108401
CaseInitiation_v1,Initiated from analytics review,108401
CaseSummary_1_v1,Kristen Wiley oddity: 52.09,108401
state,Created_v1,108391
CaseTag_v1,Alert for Orli Bowman,108391
CaseInitiation_v1,Initiated from analytics review,108391
CaseSummary_1_v1,Orli Bowman oddity: 51.29,108391
state,Created_v1,108331
CaseTag_v1,Alert for Troy Crawford,108331
CaseInitiation_v1,Initiated from analytics review,108331
CaseSummary_1_v1,Troy Crawford oddity: 50.26,108331
state,Created_v1,108291
CaseTag_v1,Alert for Orli Bowman,108291
CaseInitiation_v1,Initiated from analytics review,108291
CaseSummary_1_v1,Orli Bowman oddity: 51.29,108291
state,Created_v1,108131
CaseTag_v1,Alert for Calvin Campos,108131
CaseInitiation_v1,Initiated from analytics review,108131
CaseSummary_1_v1,"Calvin Campos oddity: 57,12",108131
state,Created_v1,107631
CaseTag_v1,Alert for Calvin Campos,107631
CaseInitiation_v1,Initiated from analytics review,107631
CaseSummary_1_v1,Calvin Campos oddity: 57.12,107631
state,Created_v1,107581
CaseTag_v1,Alert for Orli Bowman,107581
CaseInitiation_v1,Initiated from analytics review,107581
CaseSummary_1_v1,Orli Bowman oddity: 51.29,107581
state,Created_v1,107571
CaseTag_v1,Alert for Orli Bowman,107571
CaseInitiation_v1,Initiated from analytics review,107571
CaseSummary_1_v1,Orli Bowman oddity: 51.29,107571
state,Created_v1,107381
CaseTag_v1,Alert for Carolyn Paul,107381
CaseInitiation_v1,Initiated from analytics review,107381
CaseSummary_1_v1,Carolyn Paul oddity: 50.30,107381
state,Created_v1,107361
CaseTag_v1,Alert for Kibo Zimmerman,107361
CaseInitiation_v1,Initiated from analytics review,107361
CaseSummary_1_v1,Kibo Zimmerman oddity: 50.08,107361
state,Created_v1,107351
CaseTag_v1,Alert for Carolyn Paul,107351
CaseInitiation_v1,Initiated from analytics review,107351
CaseSummary_1_v1,Carolyn Paul oddity: 50.30,107351
state,Created_v1,107341
CaseTag_v1,Alert for Carolyn Paul,107341
CaseInitiation_v1,Initiated from analytics review,107341
CaseSummary_1_v1,Carolyn Paul oddity: 50.30,107341
state,Created_v1,107331
CaseTag_v1,Alert for Carolyn Paul,107331
CaseInitiation_v1,Initiated from analytics review,107331
CaseSummary_1_v1,Carolyn Paul oddity: 50.30,107331
state,Created_v1,107321
CaseTag_v1,Alert for Carolyn Paul,107321
CaseInitiation_v1,Initiated from analytics review,107321
CaseSummary_1_v1,Carolyn Paul oddity: 50.30,107321
state,Created_v1,107301
CaseTag_v1,Alert for Carolyn Paul,107301
CaseInitiation_v1,Initiated from analytics review,107301
CaseSummary_1_v1,Carolyn Paul oddity: 50.30,107301
state,Created_v1,107251
CaseTag_v1,Alert for Solomon Hanson,107251
CaseInitiation_v1,Initiated from analytics review,107251
CaseSummary_1_v1,"Solomon Hanson oddity: 48,04",107251
state,Created_v1,107241
CaseTag_v1,Alert for Kibo Zimmerman,107241
CaseInitiation_v1,Initiated from analytics review,107241
CaseSummary_1_v1,"Kibo Zimmerman oddity: 50,08",107241
state,Created_v1,107171
CaseTag_v1,Alert for Carolyn Paul,107171
CaseInitiation_v1,Initiated from analytics review,107171
CaseSummary_1_v1,Carolyn Paul oddity: 50.30,107171
state,Created_v1,107141
CaseTag_v1,Alert for Carolyn Paul,107141
CaseInitiation_v1,Initiated from analytics review,107141
CaseSummary_1_v1,Carolyn Paul oddity: 50.30,107141
state,Created_v1,107121
CaseTag_v1,Alert for Carolyn Paul,107121
CaseInitiation_v1,Initiated from analytics review,107121
CaseSummary_1_v1,Carolyn Paul oddity: 50.30,107121
state,Created_v1,107111
CaseTag_v1,Alert for Carolyn Paul,107111
CaseInitiation_v1,Initiated from analytics review,107111
CaseSummary_1_v1,"Carolyn Paul oddity: 50,30",107111
state,Created_v1,107091
CaseTag_v1,Alert for Kibo Zimmerman,107091
CaseInitiation_v1,Initiated from analytics review,107091
CaseSummary_1_v1,"Kibo Zimmerman oddity: 50,08",107091
state,Created_v1,107081
CaseTag_v1,Alert for Kristen Wiley,107081
CaseInitiation_v1,Initiated from analytics review,107081
CaseSummary_1_v1,Kristen Wiley oddity: 52.09,107081
state,Created_v1,107071
CaseTag_v1,Alert for Kristen Wiley,107071
CaseInitiation_v1,Initiated from analytics review,107071
CaseSummary_1_v1,Kristen Wiley oddity: 52.09,107071
state,Created_v1,107061
CaseTag_v1,Alert for Theodore Ferrell,107061
CaseInitiation_v1,Initiated from analytics review,107061
CaseSummary_1_v1,Theodore Ferrell oddity: 43.46,107061
state,Created_v1,106991
CaseTag_v1,Alert for Kameko Harmon,106991
CaseInitiation_v1,Initiated from analytics review,106991
CaseSummary_1_v1,Kameko Harmon oddity: 51.30,106991
state,Created_v1,106751
CaseTag_v1,Alert for Indira Hensley,106751
CaseInitiation_v1,Initiated from analytics review,106751
CaseSummary_1_v1,Indira Hensley oddity: 13.89,106751
state,Created_v1,106741
CaseTag_v1,Alert for Ursula Gray,106741
CaseInitiation_v1,Initiated from analytics review,106741
CaseSummary_1_v1,Ursula Gray oddity: 10.43,106741
state,Created_v1,106731
CaseTag_v1,Alert for Olga Horn,106731
CaseInitiation_v1,Initiated from analytics review,106731
CaseSummary_1_v1,Olga Horn oddity: 15.72,106731
state,Created_v1,106721
CaseTag_v1,Alert for Phelan Willis,106721
CaseInitiation_v1,Initiated from analytics review,106721
CaseSummary_1_v1,Phelan Willis oddity: 11.89,106721
state,Created_v1,106711
CaseTag_v1,Alert for Shaeleigh Jacobson,106711
CaseInitiation_v1,Initiated from analytics review,106711
CaseSummary_1_v1,Shaeleigh Jacobson oddity: 17.25,106711
state,Created_v1,106701
CaseTag_v1,Alert for Abraham Barker,106701
CaseInitiation_v1,Initiated from analytics review,106701
CaseSummary_1_v1,Abraham Barker oddity: 22.12,106701
state,Created_v1,106691
CaseTag_v1,Alert for Brenna Holloway,106691
CaseInitiation_v1,Initiated from analytics review,106691
CaseSummary_1_v1,Brenna Holloway oddity: 17.50,106691
state,Created_v1,106681
CaseTag_v1,Alert for Howard Malone,106681
CaseInitiation_v1,Initiated from analytics review,106681
CaseSummary_1_v1,Howard Malone oddity: 14.52,106681
state,Created_v1,106671
CaseTag_v1,Alert for Howard Malone,106671
CaseInitiation_v1,Initiated from analytics review,106671
CaseSummary_1_v1,Howard Malone oddity: 14.52,106671
state,Created_v1,106661
CaseTag_v1,Alert for Howard Malone,106661
CaseInitiation_v1,Initiated from analytics review,106661
CaseSummary_1_v1,Howard Malone oddity: 14.52,106661
state,Created_v1,106651
CaseTag_v1,Alert for Howard Malone,106651
CaseInitiation_v1,Initiated from analytics review,106651
CaseSummary_1_v1,Howard Malone oddity: 14.52,106651
state,Created_v1,106641
CaseTag_v1,Alert for Cheryl Dudley,106641
CaseInitiation_v1,Initiated from analytics review,106641
CaseSummary_1_v1,Cheryl Dudley oddity: 7.57,106641
state,Created_v1,106631
CaseTag_v1,Alert for Cheryl Dudley,106631
CaseInitiation_v1,Initiated from analytics review,106631
CaseSummary_1_v1,Cheryl Dudley oddity: 7.57,106631
state,Created_v1,106621
CaseTag_v1,Alert for Chester Wong,106621
CaseInitiation_v1,Initiated from analytics review,106621
CaseSummary_1_v1,Chester Wong oddity: 24.25,106621
state,Created_v1,106541
CaseTag_v1,Alert for Lamar Waller,106541
CaseInitiation_v1,Initiated from analytics review,106541
CaseSummary_1_v1,Lamar Waller oddity: 9.40,106541
state,Created_v1,106531
CaseTag_v1,Alert for Dakota David,106531
CaseInitiation_v1,Initiated from analytics review,106531
CaseSummary_1_v1,Dakota David oddity: 9.80,106531
state,Created_v1,106521
CaseTag_v1,Alert for Dakota David,106521
CaseInitiation_v1,Initiated from analytics review,106521
CaseSummary_1_v1,Dakota David oddity: 9.80,106521
state,Created_v1,106511
CaseTag_v1,Alert for Theodore Ferrell,106511
CaseInitiation_v1,Initiated from analytics review,106511
CaseSummary_1_v1,Theodore Ferrell oddity: 43.46,106511
state,Created_v1,106501
CaseTag_v1,Alert for Stewart Crane,106501
CaseInitiation_v1,Initiated from analytics review,106501
CaseSummary_1_v1,Stewart Crane oddity: 15.22,106501
state,Created_v1,106491
CaseTag_v1,Alert for Chadwick Parrish,106491
CaseInitiation_v1,Initiated from analytics review,106491
CaseSummary_1_v1,Chadwick Parrish oddity: 16.91,106491
state,Created_v1,106481
CaseTag_v1,Alert for Chadwick Parrish,106481
CaseInitiation_v1,Initiated from analytics review,106481
CaseSummary_1_v1,Chadwick Parrish oddity: 16.91,106481
state,Created_v1,106471
CaseTag_v1,Alert for Yvette Johns,106471
CaseInitiation_v1,Initiated from analytics review,106471
CaseSummary_1_v1,Yvette Johns oddity: 7.36,106471
state,Created_v1,106461
CaseTag_v1,Alert for Kibo Haney,106461
CaseInitiation_v1,Initiated from analytics review,106461
CaseSummary_1_v1,Kibo Haney oddity: 4.83,106461
state,Created_v1,106451
CaseTag_v1,Alert for Jerry Pittman,106451
CaseInitiation_v1,Initiated from analytics review,106451
CaseSummary_1_v1,Jerry Pittman oddity: 41.51,106451
state,Created_v1,106441
CaseTag_v1,Alert for Yvette Johns,106441
CaseInitiation_v1,Initiated from analytics review,106441
CaseSummary_1_v1,Yvette Johns oddity: 7.36,106441
state,Created_v1,106431
CaseTag_v1,Alert for Hermione Calderon,106431
CaseInitiation_v1,Initiated from analytics review,106431
CaseSummary_1_v1,Hermione Calderon oddity: 6.60,106431
state,Created_v1,106421
CaseTag_v1,Alert for Quinlan Crosby,106421
CaseInitiation_v1,Initiated from analytics review,106421
CaseSummary_1_v1,Quinlan Crosby oddity: 7.51,106421
state,Created_v1,106411
CaseTag_v1,Alert for Daria Clayton,106411
CaseInitiation_v1,Initiated from analytics review,106411
CaseSummary_1_v1,Daria Clayton oddity: 5.00,106411
state,Created_v1,106401
CaseTag_v1,Alert for Adara Riddle,106401
CaseInitiation_v1,Initiated from analytics review,106401
CaseSummary_1_v1,Adara Riddle oddity: 43.30,106401
state,Created_v1,106391
CaseTag_v1,Alert for Mason Cherry,106391
CaseInitiation_v1,Initiated from analytics review,106391
CaseSummary_1_v1,Mason Cherry oddity: 16.65,106391
state,Created_v1,106381
CaseTag_v1,Alert for Lucy Silva,106381
CaseInitiation_v1,Initiated from analytics review,106381
CaseSummary_1_v1,Lucy Silva oddity: 19.24,106381
state,Created_v1,106371
CaseTag_v1,Alert for Daria Bentley,106371
CaseInitiation_v1,Initiated from analytics review,106371
CaseSummary_1_v1,Daria Bentley oddity: 14.93,106371
state,Created_v1,106361
CaseTag_v1,Alert for Kameko Chaney,106361
CaseInitiation_v1,Initiated from analytics review,106361
CaseSummary_1_v1,Kameko Chaney oddity: 4.97,106361
state,Created_v1,106351
CaseTag_v1,Alert for Naomi Stone,106351
CaseInitiation_v1,Initiated from analytics review,106351
CaseSummary_1_v1,Naomi Stone oddity: 7.23,106351
state,Created_v1,106341
CaseTag_v1,Alert for April Marsh,106341
CaseInitiation_v1,Initiated from analytics review,106341
CaseSummary_1_v1,April Marsh oddity: 7.39,106341
state,Created_v1,106331
CaseTag_v1,Alert for Kiayada Rose,106331
CaseInitiation_v1,Initiated from analytics review,106331
CaseSummary_1_v1,Kiayada Rose oddity: 9.55,106331
state,Created_v1,106321
CaseTag_v1,Alert for Cameran Carson,106321
CaseInitiation_v1,Initiated from analytics review,106321
CaseSummary_1_v1,Cameran Carson oddity: 8.65,106321
state,Created_v1,106311
CaseTag_v1,Alert for Norman Hensley,106311
CaseInitiation_v1,Initiated from analytics review,106311
CaseSummary_1_v1,Norman Hensley oddity: 26.08,106311
state,Created_v1,106301
CaseTag_v1,Alert for Minerva Morin,106301
CaseInitiation_v1,Initiated from analytics review,106301
CaseSummary_1_v1,Minerva Morin oddity: 11.40,106301
state,Created_v1,106291
CaseTag_v1,Alert for Keith Cote,106291
CaseInitiation_v1,Initiated from analytics review,106291
CaseSummary_1_v1,Keith Cote oddity: 32.65,106291
state,Created_v1,106281
CaseTag_v1,Alert for Alika Snider,106281
CaseInitiation_v1,Initiated from analytics review,106281
CaseSummary_1_v1,Alika Snider oddity: 14.25,106281
state,Created_v1,106271
CaseTag_v1,Alert for Bernard Rollins,106271
CaseInitiation_v1,Initiated from analytics review,106271
CaseSummary_1_v1,Bernard Rollins oddity: 12.87,106271
state,Created_v1,106261
CaseTag_v1,Alert for Bernard Rollins,106261
CaseInitiation_v1,Initiated from analytics review,106261
CaseSummary_1_v1,Bernard Rollins oddity: 12.87,106261
state,Created_v1,106251
CaseTag_v1,Alert for Kirestin Rosario,106251
CaseInitiation_v1,Initiated from analytics review,106251
CaseSummary_1_v1,Kirestin Rosario oddity: 8.31,106251
state,Created_v1,106241
CaseTag_v1,Alert for Kelsie Calderon,106241
CaseInitiation_v1,Initiated from analytics review,106241
CaseSummary_1_v1,Kelsie Calderon oddity: 12.23,106241
state,Created_v1,106231
CaseTag_v1,Alert for Kenyon Reynolds,106231
CaseInitiation_v1,Initiated from analytics review,106231
CaseSummary_1_v1,Kenyon Reynolds oddity: 9.27,106231
state,Created_v1,106221
CaseTag_v1,Alert for Emerald Figueroa,106221
CaseInitiation_v1,Initiated from analytics review,106221
CaseSummary_1_v1,Emerald Figueroa oddity: 11.99,106221
state,Created_v1,106201
CaseTag_v1,Alert for Dacey Conway,106201
CaseInitiation_v1,Initiated from analytics review,106201
CaseSummary_1_v1,Dacey Conway oddity: 8.28,106201
state,Created_v1,106191
CaseTag_v1,Alert for Hanna Gould,106191
CaseInitiation_v1,Initiated from analytics review,106191
CaseSummary_1_v1,Hanna Gould oddity: 7.11,106191
state,Created_v1,106181
CaseTag_v1,Alert for Libby Ramos,106181
CaseInitiation_v1,Initiated from analytics review,106181
CaseSummary_1_v1,Libby Ramos oddity: 10.66,106181
state,Created_v1,106171
CaseTag_v1,Alert for Baker Ferrell,106171
CaseInitiation_v1,Initiated from analytics review,106171
CaseSummary_1_v1,Baker Ferrell oddity: 18.71,106171
state,Created_v1,106161
CaseTag_v1,Alert for Ignatius Dudley,106161
CaseInitiation_v1,Initiated from analytics review,106161
CaseSummary_1_v1,Ignatius Dudley oddity: 11.69,106161
state,Created_v1,106151
CaseTag_v1,Alert for Austin Hebert,106151
CaseInitiation_v1,Initiated from analytics review,106151
CaseSummary_1_v1,Austin Hebert oddity: 13.76,106151
state,Created_v1,106141
CaseTag_v1,Alert for Gavin Best,106141
CaseInitiation_v1,Initiated from analytics review,106141
CaseSummary_1_v1,Gavin Best oddity: 6.68,106141
state,Created_v1,106131
CaseTag_v1,Alert for Stewart Crane,106131
CaseInitiation_v1,Initiated from analytics review,106131
CaseSummary_1_v1,Stewart Crane oddity: 15.22,106131
state,Created_v1,106121
CaseTag_v1,Alert for Geoffrey Newman,106121
CaseInitiation_v1,Initiated from analytics review,106121
CaseSummary_1_v1,Geoffrey Newman oddity: 26.75,106121
state,Created_v1,106111
CaseTag_v1,Alert for Mira Henry,106111
CaseInitiation_v1,Initiated from analytics review,106111
CaseSummary_1_v1,Mira Henry oddity: 14.38,106111
state,Created_v1,106101
CaseTag_v1,Alert for Maggie Rice,106101
CaseInitiation_v1,Initiated from analytics review,106101
CaseSummary_1_v1,Maggie Rice oddity: 12.46,106101
state,Created_v1,106091
CaseTag_v1,Alert for Maggie Rice,106091
CaseInitiation_v1,Initiated from analytics review,106091
CaseSummary_1_v1,Maggie Rice oddity: 12.46,106091
state,Created_v1,106081
CaseTag_v1,Alert for Lee Lyons,106081
CaseInitiation_v1,Initiated from analytics review,106081
CaseSummary_1_v1,Lee Lyons oddity: 44.09,106081
state,Created_v1,106071
CaseTag_v1,Alert for Guy Armstrong,106071
CaseInitiation_v1,Initiated from analytics review,106071
CaseSummary_1_v1,Guy Armstrong oddity: 30.89,106071
state,Created_v1,106061
CaseTag_v1,Alert for Dana Clarke,106061
CaseInitiation_v1,Initiated from analytics review,106061
CaseSummary_1_v1,Dana Clarke oddity: 19.29,106061
state,Created_v1,106051
CaseTag_v1,Alert for Orli Bowman,106051
CaseInitiation_v1,Initiated from analytics review,106051
CaseSummary_1_v1,Orli Bowman oddity: 51.29,106051
state,Created_v1,106041
CaseTag_v1,Alert for Troy Crawford,106041
CaseInitiation_v1,Initiated from analytics review,106041
CaseSummary_1_v1,Troy Crawford oddity: 50.26,106041
state,Created_v1,106031
CaseTag_v1,Alert for Rahim Lambert,106031
CaseInitiation_v1,Initiated from analytics review,106031
CaseSummary_1_v1,Rahim Lambert oddity: 32.00,106031
state,Created_v1,106021
CaseTag_v1,Alert for Adena Vaughn,106021
CaseInitiation_v1,Initiated from analytics review,106021
CaseSummary_1_v1,Adena Vaughn oddity: 51.78,106021
state,Created_v1,106011
CaseTag_v1,Alert for Hope Wolfe,106011
CaseInitiation_v1,Initiated from analytics review,106011
CaseSummary_1_v1,Hope Wolfe oddity: 38.73,106011
state,Created_v1,106001
CaseTag_v1,Alert for Rahim Lambert,106001
CaseInitiation_v1,Initiated from analytics review,106001
CaseSummary_1_v1,Rahim Lambert oddity: 32.00,106001
state,Created_v1,105991
CaseTag_v1,Alert for Adena Vaughn,105991
CaseInitiation_v1,Initiated from analytics review,105991
CaseSummary_1_v1,Adena Vaughn oddity: 51.78,105991
state,Created_v1,105981
CaseTag_v1,Alert for Hope Wolfe,105981
CaseInitiation_v1,Initiated from analytics review,105981
CaseSummary_1_v1,Hope Wolfe oddity: 38.73,105981
state,Created_v1,105971
CaseTag_v1,Alert for Eagan Baldwin,105971
CaseInitiation_v1,Initiated from analytics review,105971
CaseSummary_1_v1,Eagan Baldwin oddity: 51.51,105971
state,Created_v1,105961
CaseTag_v1,Alert for Hope Wolfe,105961
CaseInitiation_v1,Initiated from analytics review,105961
CaseSummary_1_v1,Hope Wolfe oddity: 38.73,105961
state,Created_v1,105951
CaseTag_v1,Alert for Wynne Christian,105951
CaseInitiation_v1,Initiated from analytics review,105951
CaseSummary_1_v1,Wynne Christian oddity: 53.09,105951
state,Created_v1,105941
CaseTag_v1,Alert for Keelie Lamb,105941
CaseInitiation_v1,Initiated from analytics review,105941
CaseSummary_1_v1,Keelie Lamb oddity: 51.43,105941
state,Created_v1,105931
CaseTag_v1,Alert for Keelie Lamb,105931
CaseInitiation_v1,Initiated from analytics review,105931
CaseSummary_1_v1,Keelie Lamb oddity: 51.43,105931
state,Created_v1,105921
CaseTag_v1,Alert for Ashely Small,105921
CaseInitiation_v1,Initiated from analytics review,105921
CaseSummary_1_v1,Ashely Small oddity: 52.21,105921
state,Created_v1,105911
CaseTag_v1,Alert for Adena Vaughn,105911
CaseInitiation_v1,Initiated from analytics review,105911
CaseSummary_1_v1,Adena Vaughn oddity: 51.78,105911
state,Created_v1,105901
CaseTag_v1,Alert for Kameko Harmon,105901
CaseInitiation_v1,Initiated from analytics review,105901
CaseSummary_1_v1,Kameko Harmon oddity: 51.30,105901
state,Created_v1,105891
CaseTag_v1,Alert for Troy Crawford,105891
CaseInitiation_v1,Initiated from analytics review,105891
CaseSummary_1_v1,Troy Crawford oddity: 50.26,105891
state,Created_v1,105881
CaseTag_v1,Alert for Carolyn Paul,105881
CaseInitiation_v1,Initiated from analytics review,105881
CaseSummary_1_v1,Carolyn Paul oddity: 50.30,105881
state,Created_v1,105871
CaseTag_v1,Alert for Orli Bowman,105871
CaseInitiation_v1,Initiated from analytics review,105871
CaseSummary_1_v1,Orli Bowman oddity: 51.29,105871
state,Created_v1,105861
CaseTag_v1,Alert for Orli Bowman,105861
CaseInitiation_v1,Initiated from analytics review,105861
CaseSummary_1_v1,Orli Bowman oddity: 51.29,105861
state,Created_v1,105851
CaseTag_v1,Alert for Solomon Hanson,105851
CaseInitiation_v1,Initiated from analytics review,105851
CaseSummary_1_v1,Solomon Hanson oddity: 48.04,105851
state,Created_v1,105791
CaseTag_v1,Alert for Shana Tanner,105791
CaseInitiation_v1,Initiated from analytics review,105791
CaseSummary_1_v1,Shana Tanner oddity: 46.50,105791
state,ReferredUp_v1,105731
CaseTag_v1,Alert for Calvin Campos,105731
CaseInitiation_v1,Initiated from analytics review,105731
CaseSummary_1_v1,Calvin Campos oddity: 57.12,105731
state,ReferredUp_v1,105721
CaseTag_v1,Alert for Lacota Clemons,105721
CaseInitiation_v1,Initiated from analytics review,105721
CaseSummary_1_v1,Lacota Clemons oddity: 46.59,105721
state,ReferredUp_v1,105691
CaseTag_v1,Alert for Zelda Graham,105691
CaseInitiation_v1,Initiated from analytics review,105691
CaseSummary_1_v1,Zelda Graham oddity: 46.32,105691
state,Created_v1,105681
CaseTag_v1,Alert for Raja White,105681
CaseInitiation_v1,Initiated from analytics review,105681
CaseSummary_1_v1,Raja White oddity: 46.54,105681
state,Created_v1,105671
CaseTag_v1,Alert for Raja White,105671
CaseInitiation_v1,Initiated from analytics review,105671
CaseSummary_1_v1,Raja White oddity: 46.54,105671
state,ReferredUp_v1,105651
CaseTag_v1,Alert for Theodore Ferrell,105651
CaseInitiation_v1,Initiated from analytics review,105651
CaseSummary_1_v1,Theodore Ferrell oddity: 46.78,105651
state,Created_v1,105641
CaseTag_v1,Alert for John Wilson,105641
CaseInitiation_v1,Initiated from analytics review,105641
CaseSummary_1_v1,John Wilson oddity: 55.5,105641
state,Created_v1,105631
CaseTag_v1,Alert for Carolyn Paul,105631
CaseInitiation_v1,Initiated from analytics review,105631
CaseSummary_1_v1,Carolyn Paul oddity: 50.30,105631
state,Investigating_v1,105621
CaseTag_v1,Alert for Troy Crawford,105621
CaseInitiation_v1,Initiated from analytics review,105621
CaseSummary_1_v1,Troy Crawford oddity: 50.26,105621
state,Created_v1,105611
CaseTag_v1,test,105611
CaseInitiation_v1,test,105611
CaseSummary_1_v1,test,105611
state,Created_v1,105601
CaseTag_v1,test,105601
CaseInitiation_v1,test,105601
CaseSummary_1_v1,test,105601
state,Created,109971
Divison_v1,Sales,109971
JobGrade_v1,8,109971
Region_v1,Italy,109971
state,Created,109961
Divison_v1,PSG,109961
JobGrade_v1,9,109961
Region_v1,France,109961
state,Created,109951
Divison_v1,PSG,109951
JobGrade_v1,8,109951
Region_v1,France,109951
